query_id,year,title,authors,journal,doi,pmid,pmcid,cited_by,open_access,pub_types,url,abstract
indications,2026,Cumulative live birth after unstimulated in vitro maturation versus conventional in vitro fertilization (IVF) in women with polycystic ovary syndrome: a 36-month retrospective matched cohort study.,"Guo W, Chen L, Yang Z, Wang L, Wu H, Yang R, Yang S, Zheng X, Chang HM, Zhen X, Qiao J, Li R.",Journal of ovarian research,10.1186/s13048-026-02092-z,41981617,PMC13200467,0,yes,research-article; Journal Article,https://doi.org/10.1186/s13048-026-02092-z,"BACKGROUND: Polycystic ovary syndrome (PCOS) is characterized by heterogeneous ovarian responsiveness and a heightened risk of ovarian hyperstimulation syndrome (OHSS) during gonadotropin stimulation. Strictly unstimulated in vitro maturation (IVM) avoids ovarian stimulation and may reduce treatment burden; however, long-term cumulative live birth outcomes remain insufficiently defined, especially across baseline ovarian phenotypes. METHODS: This retrospective matched cohort study included women aged 20–42 years with PCOS, diagnosed by the Rotterdam criteria, treated at a university-affiliated fertility center between January 2010 and December 2022 (follow-up through December 2023). Women undergoing unstimulated IVM (n = 545) were matched 1:3 by age and BMI to women undergoing conventional in vitro fertilization (IVF) using a GnRH antagonist protocol (n = 1,635). The primary outcome was the 36-month cumulative live birth rate (CLBR) per initiated oocyte retrieval cycle. Secondary outcomes included implantation and live birth after the first transfer (fresh vs. frozen), OHSS, and obstetric/perinatal outcomes. Odds ratios (ORs) were calculated for the freeze-all subset. RESULTS: The 36-month CLBR per initiated retrieval cycle was significantly lower with IVM than IVF (22.20% vs. 47.95%; P < 0.001). CLBR/embryo transfer cycles was also lower with IVM (31.43% vs. 50.19%; P < 0.001). Implantation was lower in the IVM group after fresh transfer (22.94% vs. 29.45%; P = 0.005) but higher after frozen embryo transfer (43.86% vs. 32.62%; P = 0.007). Live birth after the first fresh transfer was lower with IVM (25.96% vs. 33.20%; P = 0.029), whereas after the first frozen transfer, live birth was comparable (33.33% vs. 36.61%; P = 0.486). No severe OHSS occurred in the IVM group, compared to 0.98% in IVF cycles. In women with AFC ≥ 24, live birth after the first frozen transfer was similar between groups (OR 0.99, 95% CI 0.57–1.72). Obstetric and neonatal outcomes were broadly comparable. CONCLUSIONS: Unstimulated IVM in PCOS women yielded a lower 36-month CLBR compared to IVF, primarily due to lower embryo yield. IVM eliminated OHSS and achieved comparable live birth rates following the FET, particularly in women with high AFC. These findings advocate for a ‘freeze-all’ IVM strategy to optimize both safety and reproductive outcomes in this high-risk population. CLINICAL TRIAL NUMBER: Not applicable."
indications,2026,In vitro maturation for infertility in polyendocrine metabolic ovarian syndrome: a systematic review of treatment protocols and outcomes.,"Vuong LN, Pham TD, Le HL, Ho TM.",Fertility and sterility,10.1016/j.fertnstert.2026.07.032,42586493,,0,no,Review; Journal Article,https://doi.org/10.1016/j.fertnstert.2026.07.032,"In vitro maturation (IVM) involves the retrieval of immature oocytes from unstimulated or minimally primed antral follicles, with maturation completed in culture. Women with polyendocrine metabolic ovarian syndrome (PMOS), the condition previously known as polycystic ovary syndrome, are the prototypical candidates for oocyte IVM because it largely avoids ovarian hyperstimulation syndrome (OHSS). Several IVM protocols are in clinical use, differing in priming (human chorionic gonadotropin [hCG], follicle-stimulating hormone [FSH], or none) and culture system (standard vs. biphasic capacitation [CAPA-IVM]). We systematically reviewed published data relating to the use of the above IVM protocols in women with PMOS that were identified by literature searching (MEDLINE, Embase, Web of Science, Cochrane). All IVM protocols essentially eliminated OHSS. Oocyte maturation, number of usable embryos, and the live birth rate varied by priming strategy, culture system, and embryo transfer policy. Maturation rates were approximately 50% with standard IVM and 60%-70% with the hCG-primed or biphasic protocols, and live birth rate after a single retrieval was approximately 20%-48%. The CAPA-IVM protocol was associated with the highest maturation and embryo yield, and a randomized trial reported that a fully hormone-free CAPA-IVM protocol is feasible. Obstetric, neonatal, epigenetic, and child-neurodevelopmental outcomes, now reported up to age 5-7 years, are reassuring. Clinical and methodological heterogeneity precluded statistical pooling of data, and the evidence remains dominated by single-center cohorts, with few randomized trials. This article summarizes protocol-specific outcomes, identifies determinants of success, and defines priorities for standardizing IVM and generating higher-quality evidence for the use of IVM in PMOS."
indications,2026,Epigenetic safety of in vitro maturation in PCOS: genome-wide DNA methylation profiling of cord blood from a randomized controlled trial.,"Guo W, Yang Y, Qin M, Kong S, Wang L, Zheng X, Yang R, Yang S, Zhen X, Zhu X, Li R, Yan L, Qiao J, Yan Z.",Journal of ovarian research,10.1186/s13048-026-02179-7,42365361,PMC13576222,0,yes,research-article; Randomized Controlled Trial; Journal Article,https://doi.org/10.1186/s13048-026-02179-7,"Background In vitro maturation (IVM) provides a safer alternative to conventional in vitro fertilization (IVF) for women with polycystic ovary syndrome (PCOS) by mitigating the risk of ovarian hyperstimulation. However, concerns persist regarding whether IVM perturbs epigenetic reprogramming in the offspring. Current evidence is constrained by candidate-gene approaches or a lack of parental controls. This study aimed to evaluate the genome-wide DNA methylation safety of IVM compared with conventional IVF using a rigorous trio-based design. Methods This secondary epigenetic analysis was nested within a randomized controlled trial (RCT) (ClinicalTrials.gov: NCT03463772). We included 10 nuclear families (trios), comprising five IVM-conceived and five IVF-conceived singleton offspring alongside their biological parents. Both groups utilized a uniform freeze-only single-blastocyst transfer strategy to minimize hormonal confounding. Genomic DNA from umbilical cord blood (UCB) and parental peripheral blood was analyzed using reduced representation bisulfite sequencing (RRBS). Genome-wide methylation patterns and differentially methylated regions (DMRs) were subsequently compared between the groups. Results Clinical characteristics were comparable between the IVM and IVF groups. Genome-wide analyses demonstrated high concordance in UCB methylation patterns, revealing no significant differences in global CpG methylation levels or distributions across key genomic features (promoters, CpG islands, and gene bodies). Only three rare DMRs were identified in UCB (representing ~ 0.0001% of the genome), none of which mapped to imprinted or developmentally critical loci. Furthermore, methylation variability remained consistent between the groups. Conclusions Our findings provide robust mechanistic evidence supporting the epigenetic safety of IVM. The remarkable stability of the neonatal methylome confirms that specific IVM conditions do not compromise early developmental programming, thereby endorsing IVM as a safe and viable alternative for women with PCOS. Trial registration ClinicalTrials.gov registry, NCT03463772. Registered on March 13, 2018."
indications,2026,Biopsychosocial outcomes and quality of life in assisted reproduction: Conventional IVF versus in vitro maturation in women with PMOS.,"Sanmartín-Cuevas V, Mostinckx L, García-Baquero G, Agirregoitia E, De Vos M, Agirregoitia N.",Journal of psychosomatic research,10.1016/j.jpsychores.2026.112917,42418972,,0,no,Comparative Study; Journal Article,https://doi.org/10.1016/j.jpsychores.2026.112917,"Background Polyendocrine Metabolic Ovarian Syndrome (PMOS), formerly known as Polycystic Ovary Syndrome (PCOS) is the leading cause of anovulatory infertility worldwide and is associated with vulnerability to ovarian hyperstimulation syndrome (OHSS) under conventional stimulation. Women with PMOS frequently undergo in vitro fertilization (IVF), which involves intensive hormonal stimulation, or in vitro maturation (IVM), a minimal-stimulation alternative that eliminates OHSS risk. Despite their different burden profiles, comparative data on patient-centred outcomes between these protocols are scarce. Methods A prospective, non-randomised clinical trial with two active treatment arms compared the biopsychosocial impact of IVF and IVM in 149 women with PMOS (IVF: n = 74; IVM: n = 75). Treatment was selected through shared decision-making, a process in which patients and clinicians jointly chose the protocol based on clinical profile and informed preferences. Anxiety and depression (Hospital Anxiety and Depression Scale) and fertility-related quality of life (FertiQoL) were assessed at baseline (T1), oocyte retrieval (T2), and end of cycle (T3). Physical symptoms were recorded at T2 and T3. Propensity score matching was applied to balance baseline characteristics. Results No significant between-group differences were observed in anxiety, depression, or total quality of life. Women undergoing IVF reported significantly more adverse physical symptoms, more post-retrieval pain, lower couple relationship quality (FertiQoL Relational), and a trend toward lower treatment tolerability. Conclusions These findings suggest that differences between IVF and IVM in women with PMOS may emerge primarily in specific physical and relational dimensions of treatment burden, while broader psychological outcomes appear largely comparable across treatments."
indications,2026,The use of ex-vivo in-vitro maturation of ovarian tissues oocytes (OTO-IVM) for fertility preservation in gynaecologic cancers.,"Goh CSY, Lim CJW, Ng QJ, Lee SH, Chin FHX, Lim YH, Phoon JWL, Sim YJ, Lee JM, Durgahshree M, Hou MCL, Chong YS, Ee TX.",Gynecologic oncology reports,10.1016/j.gore.2026.102195,42699669,PMC13544095,0,yes,Journal Article; Case Reports; case-report,https://doi.org/10.1016/j.gore.2026.102195,"Background Fertility preservation in ovarian tumours or advanced gynaecologic malignancies is often challenging. Traditional fertility preservation techniques, such as ovarian tissue cryopreservation or oocyte retrieval, may not always be suitable, especially in cases where immediate cancer treatment is necessary or where hormonal stimulation is contraindicated. Ex-vivo in-vitro maturation of ovarian tissue oocytes (OTO-IVM) offers a promising alternative in these women by enabling the retrieval and maturation of immature oocytes outside the body from the oophorectomy tissue specimen. Method We present a case series of four women with gynaecologic malignancies who underwent ex-vivo oocyte retrieval and in-vitro maturation at the time of their oncologic surgeries. Conclusion Evidence supporting live births following OTO-IVM remains limited, and as such, the technique is currently regarded as experimental. Nevertheless, for selected women in whom conventional fertility preservation is not feasible, OTO-IVM may provide the only opportunity for fertility preservation and warrants consideration."
indications,2026,In vitro maturation 2.0: a new era for an underdog in ART.,"Kulmann MIR, Andrade GM, Bos-Mikich A, Oliveira NP, Ferreira M, Frantz N.",JBRA assisted reproduction,10.5935/1518-0557.20250177,41757835,PMC13318288,0,yes,review-article; Review; Journal Article,https://doi.org/10.5935/1518-0557.20250177,"In vitro maturation (IVM) of human oocytes, once a pioneering concept predating conventional IVF, has long remained an underutilized technique in assisted reproduction. Despite early promise, clinical adoption of IVM has been limited due to lower embryo developmental competence and live birth rates compared to IVF. However, recent advances in the understanding of oocyte physiology, including cumulus-oocyte communication, the regulatory roles of cAMP/cGMP signaling pathways, and endocrine modulation of meiotic resumption, have reignited interest in optimizing IVM protocols. Innovations such as biphasic Capacitation (CAPA) IVM systems and the use of ovarian somatic support cells (OSCs) derived from induced pluripotent stem cells (iPSCs) aim to replicate the dynamic follicular environment more accurately and enhance oocyte competence. Clinical studies suggest that, while IVM still results in modestly lower cumulative live birth rates compared to conventional IVF, it offers significant advantages for selected patient populations, particularly women with polycystic ovary syndrome (PCOS), high ovarian reserve, or those requiring fertility preservation. Importantly, current evidence supports the genetic and epigenetic safety of IVM-derived offspring. As technical refinements continue and professional education expands, IVM is poised to fulfill its potential as a safer, less invasive, and more accessible alternative within the landscape of assisted reproductive technologies."
indications,2025,Advances in human oocyte in vitro maturation: current status and future perspectives: a narrative review.,"Liu M, Cui J, Chang HM, Liu J, Leung PCK.",Reproduction & fertility,10.1530/raf-25-0092,41059757,PMC12579509,2,yes,"Research Support, Non-U.S. Gov't; review-article; Review; Journal Article",https://doi.org/10.1530/raf-25-0092,"Oocyte in vitro maturation (IVM) is an evolving component of assisted reproductive technology (ART) that offers a less invasive and cost-effective alternative to conventional controlled ovarian stimulation. It is particularly beneficial for patients at risk of ovarian hyperstimulation syndrome (OHSS), those with polycystic ovary syndrome (PCOS), and individuals requiring urgent fertility preservation. Despite these advantages, clinical uptake has remained limited owing to concerns about the developmental competence and quality of IVM-derived oocytes. To address this, we conducted a comprehensive literature search of PubMed, Embase, and Web of Science for articles published between January 2000 and June 2025, using combinations of keywords related to IVM, oocyte maturation, culture protocols, oocyte quality, and clinical outcomes. Recent progress in the field has led to the development of biphasic culture systems, pre-IVM priming strategies, and the incorporation of regulatory factors such as C-type natriuretic peptide (CNP) and oocyte-secreted factors, all of which have contributed to improved oocyte maturation and embryo development. Nonetheless, variability in outcomes persists due to differences in patient selection, stimulation protocols, and laboratory practice. Continued optimisation of IVM culture systems and a deeper understanding of oocyte maturation mechanisms will be essential for enhancing clinical efficacy. Future research should prioritise standardisation, patient-tailored protocols, and systematic long-term outcome data to support wider adoption of IVM. This review provides a comprehensive overview of recent advances and ongoing challenges in human oocyte IVM, offering perspectives on future directions for clinical translation and improved ART outcomes. Lay summary IVM is a fertility treatment that allows immature eggs to mature in the laboratory rather than within the body. This approach can be safer, simpler, and more affordable than traditional IVF, especially for women with polycystic ovary syndrome (PCOS), those at risk of ovarian hyperstimulation, or those who need to preserve their fertility quickly, such as cancer patients. Although IVM holds great promise, it is not yet widely used because its success rates are not as high as those of conventional methods. This review looks at the latest scientific progress to improve IVM, including better laboratory techniques, the use of natural hormones and growth factors, and new ways to support egg development outside the body. These advancements have helped improve the quality of eggs and embryos, but challenges remain. Differences in patient types, medications used, and lab practices can affect how well IVM works. More research is needed to make IVM more consistent and effective so it can become a routine fertility option for a broader population."
indications,2025,"Advances, Mechanisms, and Clinical Perspectives for the In Vitro Maturation of Human Oocytes.","Gargallo-Alonso M, Picton HM, Malo C.",International journal of molecular sciences,10.3390/ijms27010005,41515886,PMC12785462,1,yes,review-article; Review; Journal Article,https://doi.org/10.3390/ijms27010005,"The in vitro maturation (IVM) of human oocytes represents a valuable assisted reproductive technology that bypasses the need for full ovarian stimulation, offering safer alternatives for patients with polycystic ovary syndrome (PCOS), resistant ovary syndrome, or those requiring fertility preservation before oncological treatment. Despite its potential, IVM efficiency remains lower than that of conventional in vitro fertilization (IVF) due to incomplete understanding of the molecular and metabolic mechanisms underpinning oocyte maturation. This review summarizes recent advances in IVM, including biphasic or simulated physiological oocyte maturation (SPOM) systems, optimization of culture media through hormones, growth factors, and antioxidants, and the influence of cumulus-oocyte communication on developmental competence. We also discuss the biochemical regulation of meiosis, metabolic interactions, and gene expression patterns associated with oocyte quality. Furthermore, we examine the translational and clinical applications of IVM in human fertility treatment, highlighting its efficacy in PCOS and oncofertility cases, and the limitations that persist in replicating in vivo conditions. Emerging technologies such as microfluidic and three-dimensional culture systems show promise in enhancing oocyte competence and embryo yield. Continued research into the molecular mechanisms governing oocyte maturation will be key to improving IVM outcomes and integrating this approach as a mainstream option in reproductive medicine."
indications,2026,Ovarian tissue oocyte-in vitro maturation combined with ovarian tissue cryopreservation: a promising urgent fertility preservation strategy for hematological patients before HSCT.,"Ding Y, Su T, Wan Y, Hou Y, Fan Y, Fang F, Zuo P, Li X, Duan S, Huang N, Wang J, Xu L, Liang R, Tian L.",Journal of ovarian research,10.1186/s13048-026-02136-4,42152124,PMC13352784,0,yes,research-article; Journal Article,https://doi.org/10.1186/s13048-026-02136-4,"Background Hematological diseases to be treated with HSCT are a definite indication for fertility preservation (FP). Ovarian tissue oocyte in vitro maturation (OTO-IVM) combined with ovarian tissue cryopreservation (OTC) may be a promising and urgent FP strategy for this population. This study aims to evaluate the efficacy of OTO-IVM for this population and identify which hematological diseases are more likely to benefit from OTO-IVM. Methods This study included 44 hematological patients before HSCT who underwent the OTO-IVM combined with OTC for urgent FP. Patients were divided into the malignant hematological disease (MHD) and non-MHD groups and the OTO-IVM outcomes were retrospectively analysed. Donated ovarian tissues from MHD, non-MHD and control group were subjected to further molecular and pathological study. Results Patients with non-MHD exhibited significantly higher serum anti-Müllerian hormone (AMH) levels (4.36 ± 3.14 vs. 2.08 ± 1.57, p = 0.017) and a greater number of retrieved immature oocytes (10.58 ± 7.54 vs. 4.85 ± 3.26, p = 0.012) than those with MHD. Although the maturation rate showed a non-significant decreasing trend in the non-MHD group (35.80 ± 28.12 vs. 49.83 ± 33.96, p = 0.163), multivariable analysis demonstrated that non-MHD was associated with a lower per-patient IVM rate. The final number of MII oocytes did not differ significantly between groups (3.58 ± 4.07 vs. 2.23 ± 2.01, p = 0.264). Notably, increased apoptosis of ovarian stromal cells may contribute to impaired oocyte maturation competence in patients with aplastic anemia (AA). Consistently, AA ovarian tissues displayed activation of apoptotic signalling pathways and dysregulated T cell activation-associated gene expression compared with MHD and impaired oocyte development and maturation compared with control group. Conclusions OTO-IVM combined with OTC appears feasible for urgent fertility preservation in hematological patients prior to HSCT. Our exploratory findings suggest that ovarian stromal cell apoptosis may contribute to reduced oocyte maturation competence in AA, which warrants further validation and optimization of maturation rates."
indications,2026,Impact of anti-Müllerian hormone on pregnancy outcomes in in vitro maturation: a retrospective cohort study.,"Fan M, Tu B, Shi J, Qi L, Han D, Liu Q, Zhang J, Zhao J, Li R, Qiao J.",Journal of ovarian research,10.1186/s13048-026-02033-w,41742290,PMC13041493,0,yes,research-article; Journal Article,https://doi.org/10.1186/s13048-026-02033-w,"BACKGROUND: In vitro maturation (IVM) presents a potential alternative to conventional IVF for special subgroups of infertile couples. Anti-Müllerian Hormone (AMH) is widely regarded as the most robust biomarker for assessing ovarian reserve. However, the relationship between AMH and subsequent pregnancy success rates following IVM remains poorly characterized. DESIGN: This was a retrospective cohort study. Infertile patients undergoing IVM treatment at Peking University Third Hospital Reproductive Medicine Center between January 2016 and June 2024. Participants were stratified by AMH (ng/ml) quartiles: Group A (1 17.53, n = 96). The primary outcome was cumulative live birth rate. RESULTS: While baseline characteristics (age, BMI, infertility duration/type, FSH) were comparable across groups, Group D demonstrated significantly higher immature oocyte yield (P 17.53ng/ml) may be related to reduced clinical pregnancy rate compared to low AMH levels (OR = 0.281, 95% CI: 0.108–0.728, P = 0.009). No significant differences emerged between fresh versus frozen-thawed transfers. CONCLUSION: Elevated AMH levels (> 17.53ng/ml) predict enhanced follicular recruitment but paradoxically associate with diminished reproductive success compared to moderate AMH levels (1 < AMH ≤ 7.77 ng/ml) in IVM cycles."
indications,2025,Comparative Analysis of Rescue-In Vitro-Maturation (r-IVM) Outcomes in Women with Diminished Ovarian Reserve (DOR) Versus Normal Ovarian Reserve (NOR).,"Ahmad MF, Mohd Nor NY, Mohammad Ramadneh MM, Roseli NI, Elias MH, Mat Jin N, Abu MA, Syafruddin SE, Zainuddin AA, Azhar SS, Suzuki N, Abdul Karim AK.",Biomedicines,10.3390/biomedicines13051084,40426912,PMC12108769,5,yes,research-article; Journal Article,https://doi.org/10.3390/biomedicines13051084,"Background/Objectives: Diminished ovarian reserve (DOR) poses significant challenges in the reproductive field, resulting in fewer mature and more low-quality eggs. Methods: We studied r-IVM in addition to standard in vitro fertilization (IVF) and compared the embryological outcomes between both DOR and NOR women. Results: We recruited 90 women (45 NOR; 45 DOR) with a younger age seen in NOR (35.2 vs. 36.5 years old) women. Otherwise, DOR women had lower levels of AMH and AFC, thus fewer retrieved follicles and collected oocytes. Most of the group presented with primary subfertility, with 55.6% in the NOR group diagnosed with polycystic ovary syndrome (PCOS), while 37.8% in the DOR group presented with aging and cancer survivorship issues. Most women in the NOR group used hCG as a trigger (82.2%), while 17.8% of the DOR group opted for a decapeptide. A total of 719 oocytes were retrieved, with 72.3% of eggs being mature in the NOR group compared to 64.9% in the DOR group. Following r-IVM, 47.69% of NOR eggs were matured compared to 60% in DOR eggs. The fertilization rates (FRs) following r-IVM were higher in the DOR group (66.7% vs. 37.8%). Overall, higher numbers and quality of D3 embryos were seen in the DOR group. Our analysis revealed that the trigger type, hCG, was the only significant factor linked to successful oocyte maturation rates. Conclusions: Our study suggests that r-IVM may enhance outcomes for women with DOR, including better egg maturity, FR, and embryo quality than NOR women."
indications,2025,Optimizing Oocyte Quality in Polycystic Ovary Syndrome (PCOS): The Impact of Neurotrophin-4 in &lt;i&gt;In Vitro&lt;/i&gt; Maturation Protocols.,"Kalaskar G, More A, Choudhary N, Padwal LP, Shah D, Barai J, Chaudhary A.",Journal of pharmacy & bioallied sciences,10.4103/jpbs.jpbs_207_25,40510954,PMC12156775,0,yes,Journal Article; Case Reports; case-report,https://doi.org/10.4103/jpbs.jpbs_207_25,"A 28-year-old female with polycystic ovary syndrome (PCOS) and a history of primary infertility for eight years underwent in vitro maturation (IVM) at Wardha. The patient's clinical profile revealed elevated levels of anti-Müllerian hormone (AMH) levels, a high luteinizing hormone/follicle-stimulating hormone (LH/FSH) ratio, and ultrasound findings consistent with PCOS. After mild ovarian stimulation, 12 immature oocytes were retrieved and cultured in Neurotrophin-4 (NT-4) enriched IVM medium. A total of eight oocytes matured to the metaphase II stage, with seven achieving fertilization via intracytoplasmic sperm injection (ICSI). Out of the fertilized oocytes, five developed into high-quality blastocysts. The patient received an optimized endometrial preparation protocol, including metformin, estradiol, cabergoline, and L-arginine supplementation. Following frozen embryo transfer, pregnancy was confirmed by positive beta-human chorionic gonadotropin ( β -hCG) levels and ultrasound. This study highlights IVM's potential to mitigate ovarian hyperstimulation syndrome (OHSS) risks while achieving high success rates in PCOS patients. The inclusion of NT-4 in maturation media significantly improved oocyte quality, fertilization rates, and blastocyst development. These findings underscore IVM as a promising assisted reproductive technology (ART) approach, offering enhanced safety and efficacy for fertility treatment in PCOS patients."
